,Votos,Deputado,Partido,Estado,Imagem
0,Arthur Lira,Chiquinho Brazão ,Avante,RJ,https://arte.estadao.com.br/public/placar/img/voter/204476.jpg
1,Arthur Lira,Greyce Elias ,Avante,MG,https://arte.estadao.com.br/public/placar/img/voter/198197.jpg
2,Arthur Lira,Leda Sadala ,Avante,AP,https://arte.estadao.com.br/public/placar/img/voter/204375.jpg
3,Arthur Lira,Luis Tibé ,Avante,MG,https://arte.estadao.com.br/public/placar/img/voter/160510.jpg
4,Arthur Lira,Sebastião Oliveira ,Avante,PE,https://arte.estadao.com.br/public/placar/img/voter/178921.jpg
5,Arthur Lira,Tito ,Avante,BA,https://arte.estadao.com.br/public/placar/img/voter/197438.jpg
6,Arthur Lira,Alan Rick ,DEM,AC,https://arte.estadao.com.br/public/placar/img/voter/178836.jpg
7,Arthur Lira,Arthur Oliveira Maia ,DEM,BA,https://arte.estadao.com.br/public/placar/img/voter/160600.jpg
8,Arthur Lira,Carlos Henrique Gaguim ,DEM,TO,https://arte.estadao.com.br/public/placar/img/voter/178993.jpg
9,Arthur Lira,David Soares ,DEM,SP,https://arte.estadao.com.br/public/placar/img/voter/204511.jpg
10,Arthur Lira,Dr. Zacharias Calil ,DEM,GO,https://arte.estadao.com.br/public/placar/img/voter/204412.jpg
11,Arthur Lira,Elmar Nascimento ,DEM,BA,https://arte.estadao.com.br/public/placar/img/voter/178854.jpg
12,Arthur Lira,Leur Lomanto Júnior ,DEM,BA,https://arte.estadao.com.br/public/placar/img/voter/92102.jpg
13,Arthur Lira,Luis Miranda ,DEM,DF,https://arte.estadao.com.br/public/placar/img/voter/204381.jpg
14,Arthur Lira,Norma Ayub ,DEM,ES,https://arte.estadao.com.br/public/placar/img/voter/66179.jpg
15,Arthur Lira,Onyx Lorenzoni ,DEM,RS,https://arte.estadao.com.br/public/placar/img/voter/74399.jpg
16,Arthur Lira,Pedro Lupion ,DEM,PR,https://arte.estadao.com.br/public/placar/img/voter/204395.jpg
17,Arthur Lira,Tereza Cristina ,DEM,MS,https://arte.estadao.com.br/public/placar/img/voter/178901.jpg
18,Arthur Lira,Daniela do Waguinho ,MDB,RJ,https://arte.estadao.com.br/public/placar/img/voter/204459.jpg
19,Arthur Lira,Osmar Terra ,MDB,RS,https://arte.estadao.com.br/public/placar/img/voter/73692.jpg
20,Arthur Lira,Alcides Rodrigues ,Patriota,GO,https://arte.estadao.com.br/public/placar/img/voter/204413.jpg
21,Arthur Lira,Dr. Frederico ,Patriota,MG,https://arte.estadao.com.br/public/placar/img/voter/204518.jpg
22,Arthur Lira,Fred Costa ,Patriota,MG,https://arte.estadao.com.br/public/placar/img/voter/204494.jpg
23,Arthur Lira,Marreca Filho ,Patriota,MA,https://arte.estadao.com.br/public/placar/img/voter/204566.jpg
24,Arthur Lira,Pastor Eurico ,Patriota,PE,https://arte.estadao.com.br/public/placar/img/voter/160642.jpg
25,Arthur Lira,Roman ,Patriota,PR,https://arte.estadao.com.br/public/placar/img/voter/178930.jpg
26,Arthur Lira,Gil Cutrim ,PDT,MA,https://arte.estadao.com.br/public/placar/img/voter/204575.jpg
27,Arthur Lira,Abílio Santana ,PL,BA,https://arte.estadao.com.br/public/placar/img/voter/204554.jpg
28,Arthur Lira,Aelton Freitas ,PL,MG,https://arte.estadao.com.br/public/placar/img/voter/141372.jpg
29,Arthur Lira,Altineu Côrtes ,PL,RJ,https://arte.estadao.com.br/public/placar/img/voter/178937.jpg
30,Arthur Lira,Bosco Costa ,PL,SE,https://arte.estadao.com.br/public/placar/img/voter/74052.jpg
31,Arthur Lira,Capitão Augusto ,PL,SP,https://arte.estadao.com.br/public/placar/img/voter/178829.jpg
32,Arthur Lira,Capitão Fábio Abreu ,PL,PI,https://arte.estadao.com.br/public/placar/img/voter/178924.jpg
33,Arthur Lira,Cristiano Vale ,PL,PA,https://arte.estadao.com.br/public/placar/img/voter/135054.jpg
34,Arthur Lira,Dr. Jaziel ,PL,CE,https://arte.estadao.com.br/public/placar/img/voter/204481.jpg
35,Arthur Lira,Edio Lopes ,PL,RR,https://arte.estadao.com.br/public/placar/img/voter/141417.jpg
36,Arthur Lira,Fernando Rodolfo ,PL,PE,https://arte.estadao.com.br/public/placar/img/voter/204427.jpg
37,Arthur Lira,Flávia Arruda ,PL,DF,https://arte.estadao.com.br/public/placar/img/voter/204354.jpg
38,Arthur Lira,Gelson Azevedo ,PL,RJ,https://arte.estadao.com.br/public/placar/img/voter/115746.jpg
39,Arthur Lira,Giacobo ,PL,PR,https://arte.estadao.com.br/public/placar/img/voter/74383.jpg
40,Arthur Lira,Giovani Cherini ,PL,RS,https://arte.estadao.com.br/public/placar/img/voter/160673.jpg
41,Arthur Lira,João Carlos Bacelar ,PL,BA,https://arte.estadao.com.br/public/placar/img/voter/141458.jpg
42,Arthur Lira,João Maia ,PL,RN,https://arte.estadao.com.br/public/placar/img/voter/141459.jpg
43,Arthur Lira,Jorge Goetten ,PL,SC,https://arte.estadao.com.br/public/placar/img/voter/214694.jpg
44,Arthur Lira,José Rocha ,PL,BA,https://arte.estadao.com.br/public/placar/img/voter/74554.jpg
45,Arthur Lira,Júnior Mano ,PL,CE,https://arte.estadao.com.br/public/placar/img/voter/204550.jpg
46,Arthur Lira,Lincoln Portela ,PL,MG,https://arte.estadao.com.br/public/placar/img/voter/74585.jpg
47,Arthur Lira,Luiz Carlos Motta ,PL,SP,https://arte.estadao.com.br/public/placar/img/voter/204485.jpg
48,Arthur Lira,Luiz Nishimori ,PL,PR,https://arte.estadao.com.br/public/placar/img/voter/162332.jpg
49,Arthur Lira,Magda Mofatto ,PL,GO,https://arte.estadao.com.br/public/placar/img/voter/166402.jpg
50,Arthur Lira,Marcelo Ramos ,PL,AM,https://arte.estadao.com.br/public/placar/img/voter/204556.jpg
51,Arthur Lira,Marcio Alvino ,PL,SP,https://arte.estadao.com.br/public/placar/img/voter/178983.jpg
52,Arthur Lira,Miguel Lombardi ,PL,SP,https://arte.estadao.com.br/public/placar/img/voter/178985.jpg
53,Arthur Lira,Pastor Gil ,PL,MA,https://arte.estadao.com.br/public/placar/img/voter/204570.jpg
54,Arthur Lira,Policial Katia Sastre ,PL,SP,https://arte.estadao.com.br/public/placar/img/voter/204529.jpg
55,Arthur Lira,Raimundo Costa ,PL,BA,https://arte.estadao.com.br/public/placar/img/voter/204567.jpg
56,Arthur Lira,Sergio Toledo ,PL,AL,https://arte.estadao.com.br/public/placar/img/voter/204438.jpg
57,Arthur Lira,Soraya Santos ,PL,RJ,https://arte.estadao.com.br/public/placar/img/voter/178946.jpg
58,Arthur Lira,Valdevan Noventa ,PL,SE,https://arte.estadao.com.br/public/placar/img/voter/204385.jpg
59,Arthur Lira,Vicentinho Júnior ,PL,TO,https://arte.estadao.com.br/public/placar/img/voter/137070.jpg
60,Arthur Lira,Vinicius Gurgel ,PL,AP,https://arte.estadao.com.br/public/placar/img/voter/160591.jpg
61,Arthur Lira,Wellington Roberto ,PL,PB,https://arte.estadao.com.br/public/placar/img/voter/74043.jpg
62,Arthur Lira,Zé Vitor ,PL,MG,https://arte.estadao.com.br/public/placar/img/voter/204517.jpg
63,Arthur Lira,Bacelar ,PODE,BA,https://arte.estadao.com.br/public/placar/img/voter/69871.jpg
64,Arthur Lira,Diego Garcia ,PODE,PR,https://arte.estadao.com.br/public/placar/img/voter/178929.jpg
65,Arthur Lira,José Medeiros ,PODE,MT,https://arte.estadao.com.br/public/placar/img/voter/204472.jpg
66,Arthur Lira,José Nelto ,PODE,GO,https://arte.estadao.com.br/public/placar/img/voter/204391.jpg
67,Arthur Lira,Renata Abreu ,PODE,SP,https://arte.estadao.com.br/public/placar/img/voter/178989.jpg
68,Arthur Lira,Ricardo Teobaldo ,PODE,PE,https://arte.estadao.com.br/public/placar/img/voter/178920.jpg
69,Arthur Lira,Roberto de Lucena ,PODE,SP,https://arte.estadao.com.br/public/placar/img/voter/160653.jpg
70,Arthur Lira,Adriano do Baldy ,PP,GO,https://arte.estadao.com.br/public/placar/img/voter/121948.jpg
71,Arthur Lira,Afonso Hamm ,PP,RS,https://arte.estadao.com.br/public/placar/img/voter/136811.jpg
72,Arthur Lira,AJ Albuquerque ,PP,CE,https://arte.estadao.com.br/public/placar/img/voter/204549.jpg
73,Arthur Lira,André Abdon ,PP,AP,https://arte.estadao.com.br/public/placar/img/voter/178831.jpg
74,Arthur Lira,André Fufuca ,PP,MA,https://arte.estadao.com.br/public/placar/img/voter/178882.jpg
75,Arthur Lira,Angela Amin ,PP,SC,https://arte.estadao.com.br/public/placar/img/voter/73696.jpg
76,Arthur Lira,Arthur Lira ,PP,AL,https://arte.estadao.com.br/public/placar/img/voter/160541.jpg
77,Arthur Lira,Átila Lins ,PP,AM,https://arte.estadao.com.br/public/placar/img/voter/74090.jpg
78,Arthur Lira,Átila Lira ,PP,PI,https://arte.estadao.com.br/public/placar/img/voter/74459.jpg
79,Arthur Lira,Beto Rosado ,PP,RN,https://arte.estadao.com.br/public/placar/img/voter/178948.jpg
80,Arthur Lira,Cacá Leão ,PP,BA,https://arte.estadao.com.br/public/placar/img/voter/93083.jpg
81,Arthur Lira,Celina Leão ,PP,DF,https://arte.estadao.com.br/public/placar/img/voter/204380.jpg
82,Arthur Lira,Christino Aureo ,PP,RJ,https://arte.estadao.com.br/public/placar/img/voter/204440.jpg
83,Arthur Lira,Claudio Cajado ,PP,BA,https://arte.estadao.com.br/public/placar/img/voter/74537.jpg
84,Arthur Lira,Dimas Fabiano ,PP,MG,https://arte.estadao.com.br/public/placar/img/voter/160599.jpg
85,Arthur Lira,Dr. Luiz Antonio Teixeira Jr. ,PP,RJ,https://arte.estadao.com.br/public/placar/img/voter/204450.jpg
86,Arthur Lira,Eduardo da Fonte ,PP,PE,https://arte.estadao.com.br/public/placar/img/voter/141421.jpg
87,Arthur Lira,Evair Vieira de Melo ,PP,ES,https://arte.estadao.com.br/public/placar/img/voter/178871.jpg
88,Arthur Lira,Fausto Pinato ,PP,SP,https://arte.estadao.com.br/public/placar/img/voter/66828.jpg
89,Arthur Lira,Fernando Monteiro ,PP,PE,https://arte.estadao.com.br/public/placar/img/voter/92699.jpg
90,Arthur Lira,Franco Cartafina ,PP,MG,https://arte.estadao.com.br/public/placar/img/voter/204510.jpg
91,Arthur Lira,Guilherme Derrite ,PP,SP,https://arte.estadao.com.br/public/placar/img/voter/204531.jpg
92,Arthur Lira,Guilherme Mussi ,PP,SP,https://arte.estadao.com.br/public/placar/img/voter/160667.jpg
93,Arthur Lira,Hiran Gonçalves ,PP,RR,https://arte.estadao.com.br/public/placar/img/voter/178959.jpg
94,Arthur Lira,Iracema Portella ,PP,PI,https://arte.estadao.com.br/public/placar/img/voter/67138.jpg
95,Arthur Lira,Jaqueline Cassol ,PP,RO,https://arte.estadao.com.br/public/placar/img/voter/108338.jpg
96,Arthur Lira,Jerônimo Goergen ,PP,RS,https://arte.estadao.com.br/public/placar/img/voter/160570.jpg
97,Arthur Lira,Laercio Oliveira ,PP,SE,https://arte.estadao.com.br/public/placar/img/voter/151208.jpg
98,Arthur Lira,Marcelo Aro ,PP,MG,https://arte.estadao.com.br/public/placar/img/voter/146788.jpg
99,Arthur Lira,Margarete Coelho ,PP,PI,https://arte.estadao.com.br/public/placar/img/voter/204430.jpg
100,Arthur Lira,Mário Negromonte Jr. ,PP,BA,https://arte.estadao.com.br/public/placar/img/voter/178858.jpg
101,Arthur Lira,Neri Geller ,PP,MT,https://arte.estadao.com.br/public/placar/img/voter/146307.jpg
102,Arthur Lira,Pedro Westphalen ,PP,RS,https://arte.estadao.com.br/public/placar/img/voter/204406.jpg
103,Arthur Lira,Pinheirinho ,PP,MG,https://arte.estadao.com.br/public/placar/img/voter/204524.jpg
104,Arthur Lira,Professor Alcides ,PP,GO,https://arte.estadao.com.br/public/placar/img/voter/204390.jpg
105,Arthur Lira,Ricardo Barros ,PP,PR,https://arte.estadao.com.br/public/placar/img/voter/73788.jpg
106,Arthur Lira,Ricardo Izar ,PP,SP,https://arte.estadao.com.br/public/placar/img/voter/160655.jpg
107,Arthur Lira,Ronaldo Carletto ,PP,BA,https://arte.estadao.com.br/public/placar/img/voter/178861.jpg
108,Arthur Lira,Schiavinato ,PP,PR,https://arte.estadao.com.br/public/placar/img/voter/204399.jpg
109,Arthur Lira,Boca Aberta ,PROS,PR,https://arte.estadao.com.br/public/placar/img/voter/204397.jpg
110,Arthur Lira,Capitão Wagner ,PROS,CE,https://arte.estadao.com.br/public/placar/img/voter/204487.jpg
111,Arthur Lira,Clarissa Garotinho ,PROS,RJ,https://arte.estadao.com.br/public/placar/img/voter/178939.jpg
112,Arthur Lira,Eros Biondini ,PROS,MG,https://arte.estadao.com.br/public/placar/img/voter/160640.jpg
113,Arthur Lira,Felipe Carreras ,PSB,PE,https://arte.estadao.com.br/public/placar/img/voter/72442.jpg
114,Arthur Lira,Liziane Bayer ,PSB,RS,https://arte.estadao.com.br/public/placar/img/voter/204405.jpg
115,Arthur Lira,Aluisio Mendes ,PSC,MA,https://arte.estadao.com.br/public/placar/img/voter/178881.jpg
116,Arthur Lira,André Ferreira ,PSC,PE,https://arte.estadao.com.br/public/placar/img/voter/204423.jpg
117,Arthur Lira,Gilberto Nascimento ,PSC,SP,https://arte.estadao.com.br/public/placar/img/voter/74270.jpg
118,Arthur Lira,Glaustin da Fokus ,PSC,GO,https://arte.estadao.com.br/public/placar/img/voter/204419.jpg
119,Arthur Lira,Lauriete ,PSC,ES,https://arte.estadao.com.br/public/placar/img/voter/160534.jpg
120,Arthur Lira,Osires Damaso ,PSC,TO,https://arte.estadao.com.br/public/placar/img/voter/204363.jpg
121,Arthur Lira,Otoni de Paula ,PSC,RJ,https://arte.estadao.com.br/public/placar/img/voter/204441.jpg
122,Arthur Lira,Paulo Eduardo Martins ,PSC,PR,https://arte.estadao.com.br/public/placar/img/voter/193726.jpg
123,Arthur Lira,Ricardo da Karol ,PSC,RJ,https://arte.estadao.com.br/public/pages/dn/gz/q7/0e/o2/40/outros-candidatos.png
124,Arthur Lira,André de Paula ,PSD,PE,https://arte.estadao.com.br/public/placar/img/voter/74471.jpg
125,Arthur Lira,Antonio Brito ,PSD,BA,https://arte.estadao.com.br/public/placar/img/voter/160553.jpg
126,Arthur Lira,Cezinha de Madureira ,PSD,SP,https://arte.estadao.com.br/public/placar/img/voter/204504.jpg
127,Arthur Lira,Darci de Matos ,PSD,SC,https://arte.estadao.com.br/public/placar/img/voter/116379.jpg
128,Arthur Lira,Delegado Éder Mauro ,PSD,PA,https://arte.estadao.com.br/public/placar/img/voter/178908.jpg
129,Arthur Lira,Diego Andrade ,PSD,MG,https://arte.estadao.com.br/public/placar/img/voter/160588.jpg
130,Arthur Lira,Domingos Neto ,PSD,CE,https://arte.estadao.com.br/public/placar/img/voter/143632.jpg
131,Arthur Lira,Edilázio Júnior ,PSD,MA,https://arte.estadao.com.br/public/placar/img/voter/204562.jpg
132,Arthur Lira,Expedito Netto ,PSD,RO,https://arte.estadao.com.br/public/placar/img/voter/178953.jpg
133,Arthur Lira,Fabio Faria ,PSD,RN,https://arte.estadao.com.br/public/placar/img/voter/141428.jpg
134,Arthur Lira,Fábio Mitidieri ,PSD,SE,https://arte.estadao.com.br/public/placar/img/voter/178969.jpg
135,Arthur Lira,Flordelis ,PSD,RJ,https://arte.estadao.com.br/public/placar/img/voter/204447.jpg
136,Arthur Lira,Francisco Jr. ,PSD,GO,https://arte.estadao.com.br/public/placar/img/voter/204392.jpg
137,Arthur Lira,Haroldo Cathedral ,PSD,RR,https://arte.estadao.com.br/public/placar/img/voter/204465.jpg
138,Arthur Lira,Hugo Leal ,PSD,RJ,https://arte.estadao.com.br/public/placar/img/voter/141450.jpg
139,Arthur Lira,Joaquim Passarinho ,PSD,PA,https://arte.estadao.com.br/public/placar/img/voter/178910.jpg
140,Arthur Lira,José Nunes ,PSD,BA,https://arte.estadao.com.br/public/placar/img/voter/160619.jpg
141,Arthur Lira,Júlio Cesar ,PSD,PI,https://arte.estadao.com.br/public/placar/img/voter/74317.jpg
142,Arthur Lira,Júnior Ferrari ,PSD,PA,https://arte.estadao.com.br/public/placar/img/voter/204497.jpg
143,Arthur Lira,Marco Bertaiolli ,PSD,SP,https://arte.estadao.com.br/public/placar/img/voter/204522.jpg
144,Arthur Lira,Marx Beltrão ,PSD,AL,https://arte.estadao.com.br/public/placar/img/voter/178843.jpg
145,Arthur Lira,Misael Varella ,PSD,MG,https://arte.estadao.com.br/public/placar/img/voter/178895.jpg
146,Arthur Lira,Neucimar Fraga ,PSD,ES,https://arte.estadao.com.br/public/placar/img/voter/74165.jpg
147,Arthur Lira,Otto Alencar Filho ,PSD,BA,https://arte.estadao.com.br/public/placar/img/voter/204573.jpg
148,Arthur Lira,Paulo Magalhães ,PSD,BA,https://arte.estadao.com.br/public/placar/img/voter/74574.jpg
149,Arthur Lira,Pedro Augusto ,PSD,RJ,https://arte.estadao.com.br/public/pages/dn/gz/q7/0e/o2/40/outros-candidatos.png
150,Arthur Lira,Reinhold Stephanes Junior ,PSD,PR,https://arte.estadao.com.br/public/placar/img/voter/205865.jpg
151,Arthur Lira,Sérgio Brito ,PSD,BA,https://arte.estadao.com.br/public/placar/img/voter/73808.jpg
152,Arthur Lira,Sidney Leite ,PSD,AM,https://arte.estadao.com.br/public/placar/img/voter/204557.jpg
153,Arthur Lira,Stefano Aguiar ,PSD,MG,https://arte.estadao.com.br/public/placar/img/voter/92776.jpg
154,Arthur Lira,Vermelho ,PSD,PR,https://arte.estadao.com.br/public/placar/img/voter/204396.jpg
155,Arthur Lira,Adolfo Viana ,PSDB,BA,https://arte.estadao.com.br/public/placar/img/voter/204560.jpg
156,Arthur Lira,Celso Sabino ,PSDB,PA,https://arte.estadao.com.br/public/placar/img/voter/204496.jpg
157,Arthur Lira,Edna Henrique ,PSDB,PB,https://arte.estadao.com.br/public/placar/img/voter/204421.jpg
158,Arthur Lira,Luiz Carlos ,PSDB,AP,https://arte.estadao.com.br/public/placar/img/voter/160645.jpg
159,Arthur Lira,Mara Rocha ,PSDB,AC,https://arte.estadao.com.br/public/placar/img/voter/204471.jpg
160,Arthur Lira,Pedro Cunha Lima ,PSDB,PB,https://arte.estadao.com.br/public/placar/img/voter/178912.jpg
161,Arthur Lira,Rose Modesto ,PSDB,MS,https://arte.estadao.com.br/public/placar/img/voter/204357.jpg
162,Arthur Lira,Alê Silva ,PSL,MG,https://arte.estadao.com.br/public/placar/img/voter/204545.jpg
163,Arthur Lira,Aline Sleutjes ,PSL,PR,https://arte.estadao.com.br/public/placar/img/voter/204400.jpg
164,Arthur Lira,Bia Kicis ,PSL,DF,https://arte.estadao.com.br/public/placar/img/voter/204374.jpg
165,Arthur Lira,Bibo Nunes ,PSL,RS,https://arte.estadao.com.br/public/placar/img/voter/204388.jpg
166,Arthur Lira,Carla Zambelli ,PSL,SP,https://arte.estadao.com.br/public/placar/img/voter/204507.jpg
167,Arthur Lira,Carlos Jordy ,PSL,RJ,https://arte.estadao.com.br/public/placar/img/voter/204460.jpg
168,Arthur Lira,Caroline de Toni ,PSL,SC,https://arte.estadao.com.br/public/placar/img/voter/204369.jpg
169,Arthur Lira,Chris Tonietto ,PSL,RJ,https://arte.estadao.com.br/public/placar/img/voter/204462.jpg
170,Arthur Lira,Coronel Armando ,PSL,SC,https://arte.estadao.com.br/public/placar/img/voter/204376.jpg
171,Arthur Lira,Coronel Chrisóstomo ,PSL,RO,https://arte.estadao.com.br/public/placar/img/voter/204378.jpg
172,Arthur Lira,Coronel Tadeu ,PSL,SP,https://arte.estadao.com.br/public/placar/img/voter/204514.jpg
173,Arthur Lira,Daniel Freitas ,PSL,SC,https://arte.estadao.com.br/public/placar/img/voter/204367.jpg
174,Arthur Lira,Daniel Silveira ,PSL,RJ,https://arte.estadao.com.br/public/placar/img/voter/204454.jpg
175,Arthur Lira,Delegado Antônio Furtado ,PSL,RJ,https://arte.estadao.com.br/public/placar/img/voter/204451.jpg
176,Arthur Lira,Dr. Luiz Ovando ,PSL,MS,https://arte.estadao.com.br/public/placar/img/voter/204351.jpg
177,Arthur Lira,Dra. Soraya Manato ,PSL,ES,https://arte.estadao.com.br/public/placar/img/voter/81297.jpg
178,Arthur Lira,Eduardo Bolsonaro ,PSL,SP,https://arte.estadao.com.br/public/placar/img/voter/92346.jpg
179,Arthur Lira,Filipe Barros ,PSL,PR,https://arte.estadao.com.br/public/placar/img/voter/204411.jpg
180,Arthur Lira,General Girão ,PSL,RN,https://arte.estadao.com.br/public/placar/img/voter/204473.jpg
181,Arthur Lira,Guiga Peixoto ,PSL,SP,https://arte.estadao.com.br/public/placar/img/voter/204513.jpg
182,Arthur Lira,Helio Lopes ,PSL,RJ,https://arte.estadao.com.br/public/placar/img/voter/204444.jpg
183,Arthur Lira,Junio Amaral ,PSL,MG,https://arte.estadao.com.br/public/placar/img/voter/204520.jpg
184,Arthur Lira,Léo Motta ,PSL,MG,https://arte.estadao.com.br/public/placar/img/voter/204547.jpg
185,Arthur Lira,Lourival Gomes ,PSL,RJ,https://arte.estadao.com.br/public/placar/img/voter/196358.jpg
186,Arthur Lira,Luiz Lima ,PSL,RJ,https://arte.estadao.com.br/public/placar/img/voter/204455.jpg
187,Arthur Lira,Luiz Philippe de Orleans e Bragança ,PSL,SP,https://arte.estadao.com.br/public/placar/img/voter/204526.jpg
188,Arthur Lira,Major Fabiana ,PSL,RJ,https://arte.estadao.com.br/public/placar/img/voter/204458.jpg
189,Arthur Lira,Marcelo Álvaro Antônio ,PSL,MG,https://arte.estadao.com.br/public/placar/img/voter/179000.jpg
190,Arthur Lira,Márcio Labre ,PSL,RJ,https://arte.estadao.com.br/public/placar/img/voter/204452.jpg
191,Arthur Lira,Nelson Barbudo ,PSL,MT,https://arte.estadao.com.br/public/placar/img/voter/204449.jpg
192,Arthur Lira,Nicoletti ,PSL,RR,https://arte.estadao.com.br/public/placar/img/voter/204479.jpg
193,Arthur Lira,Sanderson ,PSL,RS,https://arte.estadao.com.br/public/placar/img/voter/204416.jpg
194,Arthur Lira,Vitor Hugo ,PSL,GO,https://arte.estadao.com.br/public/placar/img/voter/179587.jpg
195,Arthur Lira,Luisa Canziani ,PTB,PR,https://arte.estadao.com.br/public/placar/img/voter/204410.jpg
196,Arthur Lira,Marcelo Moraes ,PTB,RS,https://arte.estadao.com.br/public/placar/img/voter/133810.jpg
197,Arthur Lira,Paulo Bengtson ,PTB,PA,https://arte.estadao.com.br/public/placar/img/voter/204538.jpg
198,Arthur Lira,Aline Gurgel ,Republicanos,AP,https://arte.estadao.com.br/public/placar/img/voter/204353.jpg
199,Arthur Lira,Amaro Neto ,Republicanos,ES,https://arte.estadao.com.br/public/placar/img/voter/204356.jpg
200,Arthur Lira,Aroldo Martins ,Republicanos,PR,https://arte.estadao.com.br/public/placar/img/voter/204414.jpg
201,Arthur Lira,Benes Leocádio ,Republicanos,RN,https://arte.estadao.com.br/public/placar/img/voter/109429.jpg
202,Arthur Lira,Capitão Alberto Neto ,Republicanos,AM,https://arte.estadao.com.br/public/placar/img/voter/204572.jpg
203,Arthur Lira,Carlos Gomes ,Republicanos,RS,https://arte.estadao.com.br/public/placar/img/voter/178962.jpg
204,Arthur Lira,Celso Russomanno ,Republicanos,SP,https://arte.estadao.com.br/public/placar/img/voter/73441.jpg
205,Arthur Lira,Cleber Verde ,Republicanos,MA,https://arte.estadao.com.br/public/placar/img/voter/141408.jpg
206,Arthur Lira,Gilberto Abramo ,Republicanos,MG,https://arte.estadao.com.br/public/placar/img/voter/204491.jpg
207,Arthur Lira,Hélio Costa ,Republicanos,SC,https://arte.estadao.com.br/public/placar/img/voter/204373.jpg
208,Arthur Lira,Hugo Motta ,Republicanos,PB,https://arte.estadao.com.br/public/placar/img/voter/160674.jpg
209,Arthur Lira,Jhonatan de Jesus ,Republicanos,RR,https://arte.estadao.com.br/public/placar/img/voter/160531.jpg
210,Arthur Lira,João Campos ,Republicanos,GO,https://arte.estadao.com.br/public/placar/img/voter/74366.jpg
211,Arthur Lira,João Roma ,Republicanos,BA,https://arte.estadao.com.br/public/placar/img/voter/204576.jpg
212,Arthur Lira,Jorge Braz ,Republicanos,RJ,https://arte.estadao.com.br/public/placar/img/voter/205550.jpg
213,Arthur Lira,Julio Cesar Ribeiro ,Republicanos,DF,https://arte.estadao.com.br/public/placar/img/voter/204372.jpg
214,Arthur Lira,Lafayette de Andrada ,Republicanos,MG,https://arte.estadao.com.br/public/placar/img/voter/98057.jpg
215,Arthur Lira,Luizão Goulart ,Republicanos,PR,https://arte.estadao.com.br/public/placar/img/voter/204418.jpg
216,Arthur Lira,Márcio Marinho ,Republicanos,BA,https://arte.estadao.com.br/public/placar/img/voter/150418.jpg
217,Arthur Lira,Marcos Pereira ,Republicanos,SP,https://arte.estadao.com.br/public/placar/img/voter/204506.jpg
218,Arthur Lira,Maria Rosas ,Republicanos,SP,https://arte.estadao.com.br/public/placar/img/voter/204540.jpg
219,Arthur Lira,Milton Vieira ,Republicanos,SP,https://arte.estadao.com.br/public/placar/img/voter/154178.jpg
220,Arthur Lira,Ossesio Silva ,Republicanos,PE,https://arte.estadao.com.br/public/placar/img/voter/204422.jpg
221,Arthur Lira,Pr. Marco Feliciano ,Republicanos,SP,https://arte.estadao.com.br/public/placar/img/voter/160601.jpg
222,Arthur Lira,Roberto Alves ,Republicanos,SP,https://arte.estadao.com.br/public/placar/img/voter/152610.jpg
223,Arthur Lira,Rosangela Gomes ,Republicanos,RJ,https://arte.estadao.com.br/public/placar/img/voter/178945.jpg
224,Arthur Lira,Severino Pessoa ,Republicanos,AL,https://arte.estadao.com.br/public/placar/img/voter/204437.jpg
225,Arthur Lira,Silas Câmara ,Republicanos,AM,https://arte.estadao.com.br/public/placar/img/voter/74356.jpg
226,Arthur Lira,Silvio Costa Filho ,Republicanos,PE,https://arte.estadao.com.br/public/placar/img/voter/204425.jpg
227,Arthur Lira,Vavá Martins ,Republicanos,PA,https://arte.estadao.com.br/public/placar/img/voter/204505.jpg
228,Arthur Lira,Vinicius Carvalho ,Republicanos,SP,https://arte.estadao.com.br/public/placar/img/voter/141555.jpg
229,Arthur Lira,Bosco Saraiva ,Solidariedade,AM,https://arte.estadao.com.br/public/placar/img/voter/204551.jpg
230,Arthur Lira,Dra. Vanda Milani ,Solidariedade,AC,https://arte.estadao.com.br/public/placar/img/voter/204434.jpg
231,Arthur Lira,Eli Borges ,Solidariedade,TO,https://arte.estadao.com.br/public/placar/img/voter/204364.jpg
232,Arthur Lira,Gustinho Ribeiro ,Solidariedade,SE,https://arte.estadao.com.br/public/placar/img/voter/204408.jpg
233,Arthur Lira,Marina Santos ,Solidariedade,PI,https://arte.estadao.com.br/public/placar/img/voter/204432.jpg
234,Arthur Lira,Ottaci Nascimento ,Solidariedade,RR,https://arte.estadao.com.br/public/placar/img/voter/204475.jpg
235,Arthur Lira,Tiago Dimas ,Solidariedade,TO,https://arte.estadao.com.br/public/placar/img/voter/143084.jpg
236,Arthur Lira,Zé Silva ,Solidariedade,MG,https://arte.estadao.com.br/public/placar/img/voter/160632.jpg
237,Baleia Rossi,Arnaldo Jardim ,Cidadania,SP,https://arte.estadao.com.br/public/placar/img/voter/141391.jpg
238,Baleia Rossi,Daniel Coelho ,Cidadania,PE,https://arte.estadao.com.br/public/placar/img/voter/178916.jpg
239,Baleia Rossi,Marcelo Calero ,Cidadania,RJ,https://arte.estadao.com.br/public/placar/img/voter/204433.jpg
240,Baleia Rossi,Rubens Bueno ,Cidadania,PR,https://arte.estadao.com.br/public/placar/img/voter/73466.jpg
241,Baleia Rossi,Alexandre Leite ,DEM,SP,https://arte.estadao.com.br/public/placar/img/voter/160545.jpg
242,Baleia Rossi,Aníbal Gomes ,DEM,CE,https://arte.estadao.com.br/public/placar/img/voter/74212.jpg
243,Baleia Rossi,Efraim Filho ,DEM,PB,https://arte.estadao.com.br/public/placar/img/voter/141422.jpg
244,Baleia Rossi,Eli Corrêa Filho ,DEM,SP,https://arte.estadao.com.br/public/placar/img/voter/160532.jpg
245,Baleia Rossi,Geninho Zuliani ,DEM,SP,https://arte.estadao.com.br/public/placar/img/voter/204527.jpg
246,Baleia Rossi,Juninho do Pneu ,DEM,RJ,https://arte.estadao.com.br/public/placar/img/voter/204457.jpg
247,Baleia Rossi,Pedro Paulo ,DEM,RJ,https://arte.estadao.com.br/public/placar/img/voter/122158.jpg
248,Baleia Rossi,Professora Dorinha Seabra Rezende ,DEM,TO,https://arte.estadao.com.br/public/placar/img/voter/160639.jpg
249,Baleia Rossi,Rodrigo Maia ,DEM,RJ,https://arte.estadao.com.br/public/placar/img/voter/74693.jpg
250,Baleia Rossi,Alceu Moreira ,MDB,RS,https://arte.estadao.com.br/public/placar/img/voter/160559.jpg
251,Baleia Rossi,Baleia Rossi ,MDB,SP,https://arte.estadao.com.br/public/placar/img/voter/178975.jpg
252,Baleia Rossi,Carlos Bezerra ,MDB,MT,https://arte.estadao.com.br/public/placar/img/voter/141401.jpg
253,Baleia Rossi,Carlos Chiodini ,MDB,SC,https://arte.estadao.com.br/public/placar/img/voter/204361.jpg
254,Baleia Rossi,Celso Maldaner ,MDB,SC,https://arte.estadao.com.br/public/placar/img/voter/141405.jpg
255,Baleia Rossi,Dulce Miranda ,MDB,TO,https://arte.estadao.com.br/public/placar/img/voter/178994.jpg
256,Baleia Rossi,Elcione Barbalho ,MDB,PA,https://arte.estadao.com.br/public/placar/img/voter/74075.jpg
257,Baleia Rossi,Fabio Reis ,MDB,SE,https://arte.estadao.com.br/public/placar/img/voter/171623.jpg
258,Baleia Rossi,Flaviano Melo ,MDB,AC,https://arte.estadao.com.br/public/placar/img/voter/141434.jpg
259,Baleia Rossi,Giovani Feltes ,MDB,RS,https://arte.estadao.com.br/public/placar/img/voter/178996.jpg
260,Baleia Rossi,Hercílio Coelho Diniz ,MDB,MG,https://arte.estadao.com.br/public/placar/img/voter/204539.jpg
261,Baleia Rossi,Herculano Passos ,MDB,SP,https://arte.estadao.com.br/public/placar/img/voter/178981.jpg
262,Baleia Rossi,Hermes Parcianello ,MDB,PR,https://arte.estadao.com.br/public/placar/img/voter/73772.jpg
263,Baleia Rossi,Hildo Rocha ,MDB,MA,https://arte.estadao.com.br/public/placar/img/voter/178884.jpg
264,Baleia Rossi,Isnaldo Bulhões Jr. ,MDB,AL,https://arte.estadao.com.br/public/placar/img/voter/204436.jpg
265,Baleia Rossi,João Marcelo Souza ,MDB,MA,https://arte.estadao.com.br/public/placar/img/voter/112437.jpg
266,Baleia Rossi,José Priante ,MDB,PA,https://arte.estadao.com.br/public/placar/img/voter/74079.jpg
267,Baleia Rossi,Juarez Costa ,MDB,MT,https://arte.estadao.com.br/public/placar/img/voter/204474.jpg
268,Baleia Rossi,Lucio Mosquini ,MDB,RO,https://arte.estadao.com.br/public/placar/img/voter/178954.jpg
269,Baleia Rossi,Márcio Biolchi ,MDB,RS,https://arte.estadao.com.br/public/placar/img/voter/179001.jpg
270,Baleia Rossi,Marcos Aurélio Sampaio ,MDB,PI,https://arte.estadao.com.br/public/placar/img/voter/204431.jpg
271,Baleia Rossi,Mauro Lopes ,MDB,MG,https://arte.estadao.com.br/public/placar/img/voter/74749.jpg
272,Baleia Rossi,Moses Rodrigues ,MDB,CE,https://arte.estadao.com.br/public/placar/img/voter/178997.jpg
273,Baleia Rossi,Raul Henry ,MDB,PE,https://arte.estadao.com.br/public/placar/img/voter/141523.jpg
274,Baleia Rossi,Sergio Souza ,MDB,PR,https://arte.estadao.com.br/public/placar/img/voter/178933.jpg
275,Baleia Rossi,Vinicius Farah ,MDB,RJ,https://arte.estadao.com.br/public/placar/img/voter/204478.jpg
276,Baleia Rossi,Walter Alves ,MDB,RN,https://arte.estadao.com.br/public/placar/img/voter/178952.jpg
277,Baleia Rossi,Alice Portugal ,PCdoB,BA,https://arte.estadao.com.br/public/placar/img/voter/74057.jpg
278,Baleia Rossi,Daniel Almeida ,PCdoB,BA,https://arte.estadao.com.br/public/placar/img/voter/74060.jpg
279,Baleia Rossi,Jandira Feghali ,PCdoB,RJ,https://arte.estadao.com.br/public/placar/img/voter/74848.jpg
280,Baleia Rossi,Marcio Jerry ,PCdoB,MA,https://arte.estadao.com.br/public/placar/img/voter/81055.jpg
281,Baleia Rossi,Orlando Silva ,PCdoB,SP,https://arte.estadao.com.br/public/placar/img/voter/178987.jpg
282,Baleia Rossi,Perpétua Almeida ,PCdoB,AC,https://arte.estadao.com.br/public/placar/img/voter/73943.jpg
283,Baleia Rossi,Renildo Calheiros ,PCdoB,PE,https://arte.estadao.com.br/public/placar/img/voter/73801.jpg
284,Baleia Rossi,Rubens Pereira Junior ,PCdoB,MA,https://arte.estadao.com.br/public/placar/img/voter/178887.jpg
285,Baleia Rossi,Afonso Motta ,PDT,RS,https://arte.estadao.com.br/public/placar/img/voter/178835.jpg
286,Baleia Rossi,André Figueiredo ,PDT,CE,https://arte.estadao.com.br/public/placar/img/voter/133439.jpg
287,Baleia Rossi,Chico D'Angelo ,PDT,RJ,https://arte.estadao.com.br/public/placar/img/voter/141439.jpg
288,Baleia Rossi,Dagoberto Nogueira ,PDT,MS,https://arte.estadao.com.br/public/placar/img/voter/141411.jpg
289,Baleia Rossi,Eduardo Bismarck ,PDT,CE,https://arte.estadao.com.br/public/placar/img/voter/204541.jpg
290,Baleia Rossi,Félix Mendonça Júnior ,PDT,BA,https://arte.estadao.com.br/public/placar/img/voter/160666.jpg
291,Baleia Rossi,Gustavo Fruet ,PDT,PR,https://arte.estadao.com.br/public/placar/img/voter/73460.jpg
292,Baleia Rossi,Jesus Sérgio ,PDT,AC,https://arte.estadao.com.br/public/placar/img/voter/204435.jpg
293,Baleia Rossi,Mário Heringer ,PDT,MG,https://arte.estadao.com.br/public/placar/img/voter/74158.jpg
294,Baleia Rossi,Tabata Amaral ,PDT,SP,https://arte.estadao.com.br/public/placar/img/voter/204534.jpg
295,Baleia Rossi,Túlio Gadêlha ,PDT,PE,https://arte.estadao.com.br/public/placar/img/voter/157130.jpg
296,Baleia Rossi,Wolney Queiroz ,PDT,PE,https://arte.estadao.com.br/public/placar/img/voter/74439.jpg
297,Baleia Rossi,Aguinaldo Ribeiro ,PP,PB,https://arte.estadao.com.br/public/placar/img/voter/160527.jpg
298,Baleia Rossi,Alessandro Molon ,PSB,RJ,https://arte.estadao.com.br/public/placar/img/voter/160511.jpg
299,Baleia Rossi,Bira do Pindaré ,PSB,MA,https://arte.estadao.com.br/public/placar/img/voter/204561.jpg
300,Baleia Rossi,Camilo Capiberibe ,PSB,AP,https://arte.estadao.com.br/public/placar/img/voter/204352.jpg
301,Baleia Rossi,Denis Bezerra ,PSB,CE,https://arte.estadao.com.br/public/placar/img/voter/204542.jpg
302,Baleia Rossi,Elias Vaz ,PSB,GO,https://arte.estadao.com.br/public/placar/img/voter/204389.jpg
303,Baleia Rossi,Felipe Rigoni ,PSB,ES,https://arte.estadao.com.br/public/placar/img/voter/204371.jpg
304,Baleia Rossi,Gervásio Maia ,PSB,PB,https://arte.estadao.com.br/public/placar/img/voter/204394.jpg
305,Baleia Rossi,Gonzaga Patriota ,PSB,PE,https://arte.estadao.com.br/public/placar/img/voter/74419.jpg
306,Baleia Rossi,Heitor Schuch ,PSB,RS,https://arte.estadao.com.br/public/placar/img/voter/178964.jpg
307,Baleia Rossi,Lídice da Mata ,PSB,BA,https://arte.estadao.com.br/public/placar/img/voter/139285.jpg
308,Baleia Rossi,Marcelo Nilo ,PSB,BA,https://arte.estadao.com.br/public/placar/img/voter/204558.jpg
309,Baleia Rossi,Mauro Nazif ,PSB,RO,https://arte.estadao.com.br/public/placar/img/voter/141508.jpg
310,Baleia Rossi,Milton Coelho ,PSB,PE,https://arte.estadao.com.br/public/placar/img/voter/92172.jpg
311,Baleia Rossi,Rafael Motta ,PSB,RN,https://arte.estadao.com.br/public/placar/img/voter/178951.jpg
312,Baleia Rossi,Rodrigo Agostinho ,PSB,SP,https://arte.estadao.com.br/public/placar/img/voter/204530.jpg
313,Baleia Rossi,Tadeu Alencar ,PSB,PE,https://arte.estadao.com.br/public/placar/img/voter/178922.jpg
314,Baleia Rossi,Ted Conti ,PSB,ES,https://arte.estadao.com.br/public/placar/img/voter/206231.jpg
315,Baleia Rossi,Vilson da Fetaemg ,PSB,MG,https://arte.estadao.com.br/public/placar/img/voter/204483.jpg
316,Baleia Rossi,Beto Pereira ,PSDB,MS,https://arte.estadao.com.br/public/placar/img/voter/204358.jpg
317,Baleia Rossi,Carlos Sampaio ,PSDB,SP,https://arte.estadao.com.br/public/placar/img/voter/74262.jpg
318,Baleia Rossi,Eduardo Barbosa ,PSDB,MG,https://arte.estadao.com.br/public/placar/img/voter/74655.jpg
319,Baleia Rossi,Eduardo Cury ,PSDB,SP,https://arte.estadao.com.br/public/placar/img/voter/178977.jpg
320,Baleia Rossi,Rodrigo de Castro ,PSDB,MG,https://arte.estadao.com.br/public/placar/img/voter/141531.jpg
321,Baleia Rossi,Samuel Moreira ,PSDB,SP,https://arte.estadao.com.br/public/placar/img/voter/178990.jpg
322,Baleia Rossi,Vanderlei Macris ,PSDB,SP,https://arte.estadao.com.br/public/placar/img/voter/141553.jpg
323,Baleia Rossi,Vitor Lippi ,PSDB,SP,https://arte.estadao.com.br/public/placar/img/voter/178992.jpg
324,Baleia Rossi,Bozzella ,PSL,SP,https://arte.estadao.com.br/public/placar/img/voter/204502.jpg
325,Baleia Rossi,Delegado Waldir ,PSL,GO,https://arte.estadao.com.br/public/placar/img/voter/164359.jpg
326,Baleia Rossi,Heitor Freire ,PSL,CE,https://arte.estadao.com.br/public/placar/img/voter/204548.jpg
327,Baleia Rossi,Luciano Bivar ,PSL,PE,https://arte.estadao.com.br/public/placar/img/voter/74478.jpg
328,Baleia Rossi,Afonso Florence ,PT,BA,https://arte.estadao.com.br/public/placar/img/voter/160508.jpg
329,Baleia Rossi,Airton Faleiro ,PT,PA,https://arte.estadao.com.br/public/placar/img/voter/204495.jpg
330,Baleia Rossi,Alencar Santana Braga ,PT,SP,https://arte.estadao.com.br/public/placar/img/voter/204501.jpg
331,Baleia Rossi,Alexandre Padilha ,PT,SP,https://arte.estadao.com.br/public/placar/img/voter/204503.jpg
332,Baleia Rossi,Arlindo Chinaglia ,PT,SP,https://arte.estadao.com.br/public/placar/img/voter/73433.jpg
333,Baleia Rossi,Benedita da Silva ,PT,RJ,https://arte.estadao.com.br/public/placar/img/voter/73701.jpg
334,Baleia Rossi,Beto Faro ,PT,PA,https://arte.estadao.com.br/public/placar/img/voter/141335.jpg
335,Baleia Rossi,Bohn Gass ,PT,RS,https://arte.estadao.com.br/public/placar/img/voter/160538.jpg
336,Baleia Rossi,Carlos Veras ,PT,PE,https://arte.estadao.com.br/public/placar/img/voter/204426.jpg
337,Baleia Rossi,Carlos Zarattini ,PT,SP,https://arte.estadao.com.br/public/placar/img/voter/141398.jpg
338,Baleia Rossi,Enio Verri ,PT,PR,https://arte.estadao.com.br/public/placar/img/voter/132504.jpg
339,Baleia Rossi,Erika Kokay ,PT,DF,https://arte.estadao.com.br/public/placar/img/voter/160575.jpg
340,Baleia Rossi,Frei Anastacio Ribeiro ,PT,PB,https://arte.estadao.com.br/public/placar/img/voter/204393.jpg
341,Baleia Rossi,Gleisi Hoffmann ,PT,PR,https://arte.estadao.com.br/public/placar/img/voter/107283.jpg
342,Baleia Rossi,João Daniel ,PT,SE,https://arte.estadao.com.br/public/placar/img/voter/178970.jpg
343,Baleia Rossi,Jorge Solla ,PT,BA,https://arte.estadao.com.br/public/placar/img/voter/178857.jpg
344,Baleia Rossi,José Guimarães ,PT,CE,https://arte.estadao.com.br/public/placar/img/voter/141470.jpg
345,Baleia Rossi,José Ricardo ,PT,AM,https://arte.estadao.com.br/public/placar/img/voter/204555.jpg
346,Baleia Rossi,Joseildo Ramos ,PT,BA,https://arte.estadao.com.br/public/placar/img/voter/209189.jpg
347,Baleia Rossi,Leo de Brito ,PT,AC,https://arte.estadao.com.br/public/placar/img/voter/178825.jpg
348,Baleia Rossi,Leonardo Monteiro ,PT,MG,https://arte.estadao.com.br/public/placar/img/voter/74156.jpg
349,Baleia Rossi,Maria do Rosário ,PT,RS,https://arte.estadao.com.br/public/placar/img/voter/74398.jpg
350,Baleia Rossi,Marília Arraes ,PT,PE,https://arte.estadao.com.br/public/placar/img/voter/204428.jpg
351,Baleia Rossi,Merlong Solano ,PT,PI,https://arte.estadao.com.br/public/placar/img/voter/188097.jpg
352,Baleia Rossi,Nilto Tatto ,PT,SP,https://arte.estadao.com.br/public/placar/img/voter/178986.jpg
353,Baleia Rossi,Odair Cunha ,PT,MG,https://arte.estadao.com.br/public/placar/img/voter/74159.jpg
354,Baleia Rossi,Patrus Ananias ,PT,MG,https://arte.estadao.com.br/public/placar/img/voter/74160.jpg
355,Baleia Rossi,Paulão ,PT,AL,https://arte.estadao.com.br/public/placar/img/voter/171617.jpg
356,Baleia Rossi,Paulo Teixeira ,PT,SP,https://arte.estadao.com.br/public/placar/img/voter/141488.jpg
357,Baleia Rossi,Professora Rosa Neide ,PT,MT,https://arte.estadao.com.br/public/placar/img/voter/204467.jpg
358,Baleia Rossi,Reginaldo Lopes ,PT,MG,https://arte.estadao.com.br/public/placar/img/voter/74161.jpg
359,Baleia Rossi,Rejane Dias ,PT,PI,https://arte.estadao.com.br/public/placar/img/voter/178925.jpg
360,Baleia Rossi,Rubens Otoni ,PT,GO,https://arte.estadao.com.br/public/placar/img/voter/74371.jpg
361,Baleia Rossi,Rui Falcão ,PT,SP,https://arte.estadao.com.br/public/placar/img/voter/73604.jpg
362,Baleia Rossi,Valmir Assunção ,PT,BA,https://arte.estadao.com.br/public/placar/img/voter/160610.jpg
363,Baleia Rossi,Vicentinho ,PT,SP,https://arte.estadao.com.br/public/placar/img/voter/74283.jpg
364,Baleia Rossi,Waldenor Pereira ,PT,BA,https://arte.estadao.com.br/public/placar/img/voter/160569.jpg
365,Baleia Rossi,Célio Studart ,PV,CE,https://arte.estadao.com.br/public/placar/img/voter/204488.jpg
366,Baleia Rossi,Enrico Misasi ,PV,SP,https://arte.estadao.com.br/public/placar/img/voter/204537.jpg
367,Baleia Rossi,Professor Israel Batista ,PV,DF,https://arte.estadao.com.br/public/placar/img/voter/204383.jpg
368,Baleia Rossi,Joenia Wapichana ,REDE,RR,https://arte.estadao.com.br/public/placar/img/voter/204468.jpg
369,Baleia Rossi,Paulo Pereira da Silva ,Solidariedade,SP,https://arte.estadao.com.br/public/placar/img/voter/141518.jpg
370,Luiza Erundina,Áurea Carolina ,PSOL,MG,https://arte.estadao.com.br/public/placar/img/voter/204509.jpg
371,Luiza Erundina,Fernanda Melchionna ,PSOL,RS,https://arte.estadao.com.br/public/placar/img/voter/204407.jpg
372,Luiza Erundina,Glauber Braga ,PSOL,RJ,https://arte.estadao.com.br/public/placar/img/voter/152605.jpg
373,Luiza Erundina,Ivan Valente ,PSOL,SP,https://arte.estadao.com.br/public/placar/img/voter/73531.jpg
374,Luiza Erundina,Luiza Erundina ,PSOL,SP,https://arte.estadao.com.br/public/placar/img/voter/74784.jpg
375,Luiza Erundina,Marcelo Freixo ,PSOL,RJ,https://arte.estadao.com.br/public/placar/img/voter/76874.jpg
376,Luiza Erundina,Sâmia Bomfim ,PSOL,SP,https://arte.estadao.com.br/public/placar/img/voter/204535.jpg
377,Luiza Erundina,Talíria Petrone ,PSOL,RJ,https://arte.estadao.com.br/public/placar/img/voter/204464.jpg
378,Luiza Erundina,Vivi Reis ,PSOL,PA,https://arte.estadao.com.br/public/pages/dn/gz/q7/0e/o2/40/outros-candidatos.png
379,Van Hattem,Adriana Ventura ,NOVO,SP,https://arte.estadao.com.br/public/placar/img/voter/204528.jpg
380,Van Hattem,Alexis Fonteyne ,NOVO,SP,https://arte.estadao.com.br/public/placar/img/voter/204516.jpg
381,Van Hattem,Gilson Marques ,NOVO,SC,https://arte.estadao.com.br/public/placar/img/voter/204365.jpg
382,Van Hattem,Lucas Gonzalez ,NOVO,MG,https://arte.estadao.com.br/public/placar/img/voter/204523.jpg
383,Van Hattem,Marcel van Hattem ,NOVO,RS,https://arte.estadao.com.br/public/placar/img/voter/156190.jpg
384,Van Hattem,Paulo Ganime ,NOVO,RJ,https://arte.estadao.com.br/public/placar/img/voter/204461.jpg
385,Van Hattem,Tiago Mitraud ,NOVO,MG,https://arte.estadao.com.br/public/placar/img/voter/204519.jpg
386,Van Hattem,Vinicius Poit ,NOVO,SP,https://arte.estadao.com.br/public/placar/img/voter/204532.jpg
387,Fábio Ramalho,Fábio Ramalho ,MDB,MG,https://arte.estadao.com.br/public/placar/img/voter/141427.jpg
388,Fábio Ramalho,Júlio Delgado ,PSB,MG,https://arte.estadao.com.br/public/placar/img/voter/73586.jpg
389,Alexandre Frota,Alexandre Frota ,PSDB,SP,https://arte.estadao.com.br/public/placar/img/voter/204544.jpg
390,André Janones,André Janones ,Avante,MG,https://arte.estadao.com.br/public/placar/img/voter/204515.jpg
391,General Peternelli,General Peternelli ,PSL,SP,https://arte.estadao.com.br/public/placar/img/voter/204484.jpg
392,Não quis responder,Pastor Sargento Isidório ,Avante,BA,https://arte.estadao.com.br/public/placar/img/voter/204553.jpg
393,Não quis responder,Alex Manente ,Cidadania,SP,https://arte.estadao.com.br/public/placar/img/voter/178972.jpg
394,Não quis responder,Carmen Zanotto ,Cidadania,SC,https://arte.estadao.com.br/public/placar/img/voter/164360.jpg
395,Não quis responder,Da Vitoria ,Cidadania,ES,https://arte.estadao.com.br/public/placar/img/voter/204355.jpg
396,Não quis responder,Paula Belmonte ,Cidadania,DF,https://arte.estadao.com.br/public/placar/img/voter/204377.jpg
397,Não quis responder,Bilac Pinto ,DEM,MG,https://arte.estadao.com.br/public/placar/img/voter/141513.jpg
398,Não quis responder,Fernando Coelho Filho ,DEM,PE,https://arte.estadao.com.br/public/placar/img/voter/141431.jpg
399,Não quis responder,Hélio Leite ,DEM,PA,https://arte.estadao.com.br/public/placar/img/voter/178909.jpg
400,Não quis responder,Jose Mario Schreiner ,DEM,GO,https://arte.estadao.com.br/public/placar/img/voter/204386.jpg
401,Não quis responder,Juscelino Filho ,DEM,MA,https://arte.estadao.com.br/public/placar/img/voter/178886.jpg
402,Não quis responder,Kim Kataguiri ,DEM,SP,https://arte.estadao.com.br/public/placar/img/voter/204536.jpg
403,Não quis responder,Olival Marques ,DEM,PA,https://arte.estadao.com.br/public/placar/img/voter/204498.jpg
404,Não quis responder,Paulo Azi ,DEM,BA,https://arte.estadao.com.br/public/placar/img/voter/178860.jpg
405,Não quis responder,Sóstenes Cavalcante ,DEM,RJ,https://arte.estadao.com.br/public/placar/img/voter/178947.jpg
406,Não quis responder,Gutemberg Reis ,MDB,RJ,https://arte.estadao.com.br/public/placar/img/voter/204456.jpg
407,Não quis responder,Jéssica Sales ,MDB,AC,https://arte.estadao.com.br/public/placar/img/voter/178839.jpg
408,Não quis responder,Newton Cardoso Jr ,MDB,MG,https://arte.estadao.com.br/public/placar/img/voter/178896.jpg
409,Não quis responder,Professora Marcivania ,PCdoB,AP,https://arte.estadao.com.br/public/placar/img/voter/160641.jpg
410,Não quis responder,Alex Santana ,PDT,BA,https://arte.estadao.com.br/public/placar/img/voter/204571.jpg
411,Não quis responder,Damião Feliciano ,PDT,PB,https://arte.estadao.com.br/public/placar/img/voter/74467.jpg
412,Não quis responder,Fábio Henrique ,PDT,SE,https://arte.estadao.com.br/public/placar/img/voter/68720.jpg
413,Não quis responder,Flávia Morais ,PDT,GO,https://arte.estadao.com.br/public/placar/img/voter/160598.jpg
414,Não quis responder,Flávio Nogueira ,PDT,PI,https://arte.estadao.com.br/public/placar/img/voter/191923.jpg
415,Não quis responder,Idilvan Alencar ,PDT,CE,https://arte.estadao.com.br/public/placar/img/voter/204533.jpg
416,Não quis responder,Leônidas Cristino ,PDT,CE,https://arte.estadao.com.br/public/placar/img/voter/74299.jpg
417,Não quis responder,Paulo Ramos ,PDT,RJ,https://arte.estadao.com.br/public/placar/img/voter/133968.jpg
418,Não quis responder,Pompeo de Mattos ,PDT,RS,https://arte.estadao.com.br/public/placar/img/voter/73486.jpg
419,Não quis responder,Robério Monteiro ,PDT,CE,https://arte.estadao.com.br/public/placar/img/voter/204489.jpg
420,Não quis responder,Silvia Cristina ,PDT,RO,https://arte.estadao.com.br/public/placar/img/voter/204360.jpg
421,Não quis responder,Subtenente Gonzaga ,PDT,MG,https://arte.estadao.com.br/public/placar/img/voter/177282.jpg
422,Não quis responder,Christiane de Souza Yared ,PL,PR,https://arte.estadao.com.br/public/placar/img/voter/178928.jpg
423,Não quis responder,Gorete Pereira ,PL,CE,https://arte.estadao.com.br/public/placar/img/voter/129618.jpg
424,Não quis responder,Josimar Maranhãozinho ,PL,MA,https://arte.estadao.com.br/public/placar/img/voter/204563.jpg
425,Não quis responder,Junior Lourenço ,PL,MA,https://arte.estadao.com.br/public/placar/img/voter/204574.jpg
426,Não quis responder,Paulo Freire Costa ,PL,SP,https://arte.estadao.com.br/public/placar/img/voter/160558.jpg
427,Não quis responder,Tiririca ,PL,SP,https://arte.estadao.com.br/public/placar/img/voter/160976.jpg
428,Não quis responder,Igor Timo ,PODE,MG,https://arte.estadao.com.br/public/placar/img/voter/204508.jpg
429,Não quis responder,Josivaldo JP ,PODE,MA,https://arte.estadao.com.br/public/pages/dn/gz/q7/0e/o2/40/outros-candidatos.png
430,Não quis responder,Léo Moraes ,PODE,RO,https://arte.estadao.com.br/public/placar/img/voter/204359.jpg
431,Não quis responder,Toninho Wandscheer ,PROS,PR,https://arte.estadao.com.br/public/placar/img/voter/178934.jpg
432,Não quis responder,Uldurico Junior ,PROS,BA,https://arte.estadao.com.br/public/placar/img/voter/178863.jpg
433,Não quis responder,Weliton Prado ,PROS,MG,https://arte.estadao.com.br/public/placar/img/voter/160518.jpg
434,Não quis responder,Aliel Machado ,PSB,PR,https://arte.estadao.com.br/public/placar/img/voter/178927.jpg
435,Não quis responder,Cássio Andrade ,PSB,PA,https://arte.estadao.com.br/public/placar/img/voter/204499.jpg
436,Não quis responder,Danilo Cabral ,PSB,PE,https://arte.estadao.com.br/public/placar/img/voter/160528.jpg
437,Não quis responder,Luciano Ducci ,PSB,PR,https://arte.estadao.com.br/public/placar/img/voter/178931.jpg
438,Não quis responder,Ricardo Silva ,PSB,SP,https://arte.estadao.com.br/public/placar/img/voter/213274.jpg
439,Não quis responder,Rodrigo Coelho ,PSB,SC,https://arte.estadao.com.br/public/placar/img/voter/204366.jpg
440,Não quis responder,Rosana Valle ,PSB,SP,https://arte.estadao.com.br/public/placar/img/voter/204525.jpg
441,Não quis responder,Euclydes Pettersen ,PSC,MG,https://arte.estadao.com.br/public/placar/img/voter/204482.jpg
442,Não quis responder,Charles Fernandes ,PSD,BA,https://arte.estadao.com.br/public/placar/img/voter/205476.jpg
443,Não quis responder,Danrlei de Deus Hinterholz ,PSD,RS,https://arte.estadao.com.br/public/placar/img/voter/160552.jpg
444,Não quis responder,Fábio Trad ,PSD,MS,https://arte.estadao.com.br/public/placar/img/voter/160587.jpg
445,Não quis responder,Ricardo Guidi ,PSD,SC,https://arte.estadao.com.br/public/placar/img/voter/204362.jpg
446,Não quis responder,Sargento Fahur ,PSD,PR,https://arte.estadao.com.br/public/placar/img/voter/204387.jpg
447,Não quis responder,Aécio Neves ,PSDB,MG,https://arte.estadao.com.br/public/placar/img/voter/74646.jpg
448,Não quis responder,Bruna Furlan ,PSDB,SP,https://arte.estadao.com.br/public/placar/img/voter/160589.jpg
449,Não quis responder,Célio Silveira ,PSDB,GO,https://arte.estadao.com.br/public/placar/img/voter/178876.jpg
450,Não quis responder,Daniel Trzeciak ,PSDB,RS,https://arte.estadao.com.br/public/placar/img/voter/204409.jpg
451,Não quis responder,Danilo Forte ,PSDB,CE,https://arte.estadao.com.br/public/placar/img/voter/62881.jpg
452,Não quis responder,Domingos Sávio ,PSDB,MG,https://arte.estadao.com.br/public/placar/img/voter/160758.jpg
453,Não quis responder,Geovania de Sá ,PSDB,SC,https://arte.estadao.com.br/public/placar/img/voter/178966.jpg
454,Não quis responder,Lucas Redecker ,PSDB,RS,https://arte.estadao.com.br/public/placar/img/voter/204404.jpg
455,Não quis responder,Nilson Pinto ,PSDB,PA,https://arte.estadao.com.br/public/placar/img/voter/74352.jpg
456,Não quis responder,Paulo Abi-Ackel ,PSDB,MG,https://arte.estadao.com.br/public/placar/img/voter/141516.jpg
457,Não quis responder,Pedro Vilela ,PSDB,AL,https://arte.estadao.com.br/public/placar/img/voter/178844.jpg
458,Não quis responder,Ruy Carneiro ,PSDB,PB,https://arte.estadao.com.br/public/placar/img/voter/160635.jpg
459,Não quis responder,Shéridan ,PSDB,RR,https://arte.estadao.com.br/public/placar/img/voter/178961.jpg
460,Não quis responder,Tereza Nelma ,PSDB,AL,https://arte.estadao.com.br/public/placar/img/voter/204466.jpg
461,Não quis responder,Abou Anni ,PSL,SP,https://arte.estadao.com.br/public/placar/img/voter/204521.jpg
462,Não quis responder,Charlles Evangelista ,PSL,MG,https://arte.estadao.com.br/public/placar/img/voter/204490.jpg
463,Não quis responder,Delegado Marcelo Freitas ,PSL,MG,https://arte.estadao.com.br/public/placar/img/voter/204512.jpg
464,Não quis responder,Delegado Pablo ,PSL,AM,https://arte.estadao.com.br/public/placar/img/voter/204569.jpg
465,Não quis responder,Fabio Schiochet ,PSL,SC,https://arte.estadao.com.br/public/placar/img/voter/204368.jpg
466,Não quis responder,Felício Laterça ,PSL,RJ,https://arte.estadao.com.br/public/placar/img/voter/204477.jpg
467,Não quis responder,Felipe Francischini ,PSL,PR,https://arte.estadao.com.br/public/placar/img/voter/204398.jpg
468,Não quis responder,Gurgel ,PSL,RJ,https://arte.estadao.com.br/public/placar/img/voter/204442.jpg
469,Não quis responder,Joice Hasselmann ,PSL,SP,https://arte.estadao.com.br/public/placar/img/voter/204546.jpg
470,Não quis responder,Julian Lemos ,PSL,PB,https://arte.estadao.com.br/public/placar/img/voter/204420.jpg
471,Não quis responder,Loester Trutis ,PSL,MS,https://arte.estadao.com.br/public/placar/img/voter/204382.jpg
472,Não quis responder,Nereu Crispim ,PSL,RS,https://arte.estadao.com.br/public/placar/img/voter/204415.jpg
473,Não quis responder,Professor Joziel ,PSL,RJ,https://arte.estadao.com.br/public/placar/img/voter/204446.jpg
474,Não quis responder,Professora Dayane Pimentel ,PSL,BA,https://arte.estadao.com.br/public/placar/img/voter/204565.jpg
475,Não quis responder,David Miranda ,PSOL,RJ,https://arte.estadao.com.br/public/placar/img/voter/205548.jpg
476,Não quis responder,Helder Salomão ,PT,ES,https://arte.estadao.com.br/public/placar/img/voter/178873.jpg
477,Não quis responder,Henrique Fontana ,PT,RS,https://arte.estadao.com.br/public/placar/img/voter/73482.jpg
478,Não quis responder,Marcon ,PT,RS,https://arte.estadao.com.br/public/placar/img/voter/160535.jpg
479,Não quis responder,Natália Bonavides ,PT,RN,https://arte.estadao.com.br/public/placar/img/voter/204453.jpg
480,Não quis responder,Padre João ,PT,MG,https://arte.estadao.com.br/public/placar/img/voter/160556.jpg
481,Não quis responder,Paulo Guedes ,PT,MG,https://arte.estadao.com.br/public/placar/img/voter/204492.jpg
482,Não quis responder,Paulo Pimenta ,PT,RS,https://arte.estadao.com.br/public/placar/img/voter/74400.jpg
483,Não quis responder,Pedro Uczai ,PT,SC,https://arte.estadao.com.br/public/placar/img/voter/160604.jpg
484,Não quis responder,Rogério Correia ,PT,MG,https://arte.estadao.com.br/public/placar/img/voter/204480.jpg
485,Não quis responder,Vander Loubet ,PT,MS,https://arte.estadao.com.br/public/placar/img/voter/74376.jpg
486,Não quis responder,Zé Carlos ,PT,MA,https://arte.estadao.com.br/public/placar/img/voter/178889.jpg
487,Não quis responder,Zé Neto ,PT,BA,https://arte.estadao.com.br/public/placar/img/voter/204559.jpg
488,Não quis responder,Zeca Dirceu ,PT,PR,https://arte.estadao.com.br/public/placar/img/voter/160592.jpg
489,Não quis responder,Eduardo Costa ,PTB,PA,https://arte.estadao.com.br/public/placar/img/voter/204500.jpg
490,Não quis responder,Emanuel Pinheiro Neto ,PTB,MT,https://arte.estadao.com.br/public/placar/img/voter/198783.jpg
491,Não quis responder,Maurício Dziedricki ,PTB,RS,https://arte.estadao.com.br/public/placar/img/voter/75431.jpg
492,Não quis responder,Nivaldo Albuquerque ,PTB,AL,https://arte.estadao.com.br/public/placar/img/voter/194260.jpg
493,Não quis responder,Pedro Augusto Bezerra ,PTB,CE,https://arte.estadao.com.br/public/placar/img/voter/90201.jpg
494,Não quis responder,Pedro Lucas Fernandes ,PTB,MA,https://arte.estadao.com.br/public/placar/img/voter/122974.jpg
495,Não quis responder,Santini ,PTB,RS,https://arte.estadao.com.br/public/placar/img/voter/90842.jpg
496,Não quis responder,Wilson Santiago ,PTB,PB,https://arte.estadao.com.br/public/placar/img/voter/74044.jpg
497,Não quis responder,Leandre ,PV,PR,https://arte.estadao.com.br/public/placar/img/voter/178832.jpg
498,Não quis responder,Augusto Coutinho ,Solidariedade,PE,https://arte.estadao.com.br/public/placar/img/voter/160665.jpg
499,Não quis responder,Aureo Ribeiro ,Solidariedade,RJ,https://arte.estadao.com.br/public/placar/img/voter/160512.jpg
500,Não quis responder,Dr. Leonardo ,Solidariedade,MT,https://arte.estadao.com.br/public/placar/img/voter/204439.jpg
501,Não quis responder,Genecias Noronha ,Solidariedade,CE,https://arte.estadao.com.br/public/placar/img/voter/160669.jpg
502,Não quis responder,Lucas Vergilio ,Solidariedade,GO,https://arte.estadao.com.br/public/placar/img/voter/178879.jpg
503,Não foi encontrado,Igor Kannário ,DEM,BA,https://arte.estadao.com.br/public/placar/img/voter/204564.jpg
504,Não foi encontrado,Marlon Santos ,PDT,RS,https://arte.estadao.com.br/public/placar/img/voter/204403.jpg
505,Não foi encontrado,Luiz Antônio Corrêa ,PL,RJ,https://arte.estadao.com.br/public/placar/img/voter/204448.jpg
506,Não foi encontrado,Acácio Favacho ,PROS,AP,https://arte.estadao.com.br/public/placar/img/voter/204379.jpg
507,Não foi encontrado,Vaidon Oliveira ,PROS,CE,https://arte.estadao.com.br/public/placar/img/voter/195866.jpg
508,Não foi encontrado,Emidinho Madeira ,PSB,MG,https://arte.estadao.com.br/public/placar/img/voter/161550.jpg
509,Não foi encontrado,Jefferson Campos ,PSB,SP,https://arte.estadao.com.br/public/placar/img/voter/74273.jpg
510,Não foi encontrado,Mariana Carvalho ,PSDB,RO,https://arte.estadao.com.br/public/placar/img/voter/178956.jpg
511,Não foi encontrado,Célio Moura ,PT,TO,https://arte.estadao.com.br/public/placar/img/voter/204370.jpg
512,Não foi encontrado,José Airton Félix Cirilo ,PT,CE,https://arte.estadao.com.br/public/placar/img/voter/141464.jpg
